video_id,repetition_number,person_id,exercise_id,true_label,predicted_label
PM_114,1,9,1,1,1
PM_114,2,9,1,1,1
PM_114,3,9,1,1,1
PM_114,4,9,1,1,1
PM_114,5,9,1,1,1
PM_114,6,9,1,1,0
PM_114,7,9,1,0,0
PM_114,8,9,1,0,0
PM_114,9,9,1,0,0
PM_114,10,9,1,0,0
PM_114,11,9,1,0,0
PM_114,12,9,1,1,1
PM_114,13,9,1,1,1
PM_114,14,9,1,1,1
PM_114,15,9,1,1,1
PM_114,16,9,1,1,1
PM_114,17,9,1,0,0
PM_114,18,9,1,0,0
PM_114,19,9,1,0,0
PM_114,20,9,1,0,0
PM_114,21,9,1,0,0
PM_114,22,9,1,0,0
PM_117a,1,9,5,1,1
PM_117a,2,9,5,1,1
PM_117a,3,9,5,1,1
PM_117a,4,9,5,1,1
PM_117a,5,9,5,1,1
PM_117a,6,9,5,1,1
PM_117a,7,9,5,0,0
PM_117a,8,9,5,0,0
PM_117a,9,9,5,0,0
PM_117b,1,9,5,0,0
PM_117b,2,9,5,0,0
PM_117b,3,9,5,0,0
PM_117b,4,9,5,1,1
PM_117b,5,9,5,1,1
PM_117b,6,9,5,1,1
PM_117b,7,9,5,1,1
PM_117b,8,9,5,1,1
PM_117b,9,9,5,1,1
PM_117b,10,9,5,0,0
PM_117b,11,9,5,0,0
PM_117b,12,9,5,0,0
PM_117b,13,9,5,0,0
PM_117b,14,9,5,0,0
PM_115,1,9,2,1,1
PM_115,2,9,2,1,1
PM_115,3,9,2,1,0
PM_115,4,9,2,1,1
PM_115,5,9,2,0,0
PM_115,6,9,2,0,0
PM_115,7,9,2,0,0
PM_115,8,9,2,0,0
PM_115,9,9,2,0,0
PM_115,10,9,2,0,0
PM_115,11,9,2,0,0
PM_115,12,9,2,1,1
PM_115,13,9,2,1,0
PM_115,14,9,2,1,0
PM_115,15,9,2,1,0
PM_115,16,9,2,1,0
PM_115,17,9,2,1,0
PM_115,18,9,2,1,0
PM_115,19,9,2,1,1
PM_115,20,9,2,1,0
PM_115,21,9,2,0,0
PM_115,22,9,2,0,0
PM_115,23,9,2,0,0
PM_115,24,9,2,0,0
PM_115,25,9,2,0,0
PM_045,1,10,3,1,0
PM_045,2,10,3,1,0
PM_045,3,10,3,1,0
PM_045,4,10,3,1,0
PM_045,5,10,3,1,0
PM_045,6,10,3,0,0
PM_045,7,10,3,0,0
PM_045,8,10,3,0,0
PM_119,1,9,3,1,0
PM_119,2,9,3,1,0
PM_119,3,9,3,1,0
PM_119,4,9,3,1,0
PM_119,5,9,3,1,0
PM_119,6,9,3,0,0
PM_119,7,9,3,0,0
PM_119,8,9,3,0,0
PM_119,9,9,3,0,0
PM_119,10,9,3,0,0
PM_119,11,9,3,0,0
PM_116,1,9,4,1,1
PM_116,2,9,4,1,1
PM_116,3,9,4,1,1
PM_116,4,9,4,0,1
PM_116,5,9,4,1,1
PM_116,6,9,4,1,1
PM_116,7,9,4,1,1
PM_116,8,9,4,1,1
PM_116,9,9,4,1,1
PM_116,10,9,4,0,1
PM_116,11,9,4,0,1
PM_116,12,9,4,0,1
PM_116,13,9,4,0,1
PM_116,14,9,4,0,1
PM_116,15,9,4,1,1
PM_116,16,9,4,1,1
PM_116,17,9,4,1,1
PM_116,18,9,4,1,1
PM_116,19,9,4,1,1
PM_116,20,9,4,0,1
PM_116,21,9,4,0,1
PM_116,22,9,4,0,1
PM_116,23,9,4,0,0
PM_118,1,9,6,1,1
PM_118,2,9,6,1,1
PM_118,3,9,6,1,1
PM_118,4,9,6,1,1
PM_118,5,9,6,1,1
PM_118,6,9,6,1,1
PM_118,7,9,6,1,0
PM_118,8,9,6,1,0
PM_118,9,9,6,1,1
PM_118,10,9,6,1,0
PM_118,11,9,6,1,0
PM_118,12,9,6,1,1
PM_118,13,9,6,1,1
PM_118,14,9,6,1,1
PM_118,15,9,6,1,1
PM_118,16,9,6,1,1
PM_118,17,9,6,1,1
PM_118,18,9,6,1,1
PM_118,19,9,6,0,0
PM_118,20,9,6,0,0
PM_118,21,9,6,0,0
PM_118,22,9,6,0,0
PM_118,23,9,6,0,0
PM_023,1,3,1,1,1
PM_023,2,3,1,1,1
PM_023,3,3,1,1,1
PM_023,4,3,1,1,1
PM_023,5,3,1,1,1
PM_023,6,3,1,0,0
PM_023,7,3,1,0,0
PM_023,8,3,1,0,0
PM_023,9,3,1,0,0
PM_023,10,3,1,0,0
PM_024,1,3,1,1,1
PM_024,2,3,1,1,1
PM_024,3,3,1,1,1
PM_024,4,3,1,1,1
PM_024,5,3,1,1,1
PM_024,6,3,1,0,0
PM_024,7,3,1,0,0
PM_024,8,3,1,0,0
PM_024,9,3,1,0,0
PM_024,10,3,1,0,0
PM_101,1,6,1,1,1
PM_101,2,6,1,1,1
PM_101,3,6,1,1,1
PM_101,4,6,1,1,1
PM_101,5,6,1,1,1
PM_101,6,6,1,0,0
PM_101,7,6,1,0,0
PM_101,8,6,1,0,0
PM_101,9,6,1,0,0
PM_101,10,6,1,0,0
PM_028,1,3,5,0,0
PM_028,2,3,5,0,1
PM_028,3,3,5,0,0
PM_028,4,3,5,0,1
PM_028,5,3,5,0,1
PM_028,6,3,5,0,0
PM_028,7,3,5,0,0
PM_028,8,3,5,0,0
PM_028,9,3,5,0,0
PM_028,10,3,5,0,0
PM_028,11,3,5,0,0
PM_028,12,3,5,0,0
PM_028,13,3,5,0,0
PM_028,14,3,5,0,1
PM_028,15,3,5,0,1
PM_028,16,3,5,0,0
PM_028,17,3,5,0,0
PM_028,18,3,5,0,0
PM_028,19,3,5,0,0
PM_028,20,3,5,0,0
PM_028,21,3,5,0,0
PM_104,1,6,5,1,1
PM_104,2,6,5,1,1
PM_104,3,6,5,1,0
PM_104,4,6,5,1,1
PM_104,5,6,5,1,0
PM_104,6,6,5,0,0
PM_104,7,6,5,0,0
PM_104,8,6,5,0,0
PM_104,9,6,5,0,0
PM_104,10,6,5,0,0
PM_104,11,6,5,1,1
PM_104,12,6,5,1,0
PM_104,13,6,5,1,1
PM_104,14,6,5,1,1
PM_104,15,6,5,1,1
PM_104,16,6,5,0,0
PM_104,17,6,5,0,0
PM_104,18,6,5,0,1
PM_104,19,6,5,0,1
PM_104,20,6,5,0,0
PM_025,1,3,2,1,1
PM_025,2,3,2,1,1
PM_025,3,3,2,1,1
PM_025,4,3,2,1,1
PM_025,5,3,2,1,1
PM_025,6,3,2,0,1
PM_025,7,3,2,0,1
PM_025,8,3,2,0,1
PM_025,9,3,2,0,1
PM_025,10,3,2,0,1
PM_025,11,3,2,0,1
PM_025,12,3,2,0,0
PM_026,1,3,2,1,1
PM_026,2,3,2,1,1
PM_026,3,3,2,1,1
PM_026,4,3,2,1,1
PM_026,5,3,2,1,1
PM_026,6,3,2,0,1
PM_026,7,3,2,0,0
PM_026,8,3,2,0,1
PM_026,9,3,2,0,0
PM_026,10,3,2,0,0
PM_102,1,6,2,1,1
PM_102,2,6,2,1,1
PM_102,3,6,2,1,1
PM_102,4,6,2,1,1
PM_102,5,6,2,1,1
PM_102,6,6,2,0,0
PM_102,7,6,2,0,0
PM_102,8,6,2,0,0
PM_102,9,6,2,0,0
PM_102,10,6,2,0,0
PM_102,11,6,2,1,0
PM_102,12,6,2,1,0
PM_102,13,6,2,1,0
PM_102,14,6,2,1,1
PM_102,15,6,2,1,1
PM_102,16,6,2,1,1
PM_102,17,6,2,0,0
PM_102,18,6,2,0,0
PM_102,19,6,2,0,0
PM_102,20,6,2,0,0
PM_102,21,6,2,0,0
PM_030,1,3,3,0,0
PM_030,2,3,3,1,1
PM_030,3,3,3,1,1
PM_030,4,3,3,1,1
PM_030,5,3,3,1,1
PM_030,6,3,3,1,1
PM_030,7,3,3,0,0
PM_030,8,3,3,0,0
PM_030,9,3,3,0,0
PM_030,10,3,3,0,0
PM_030,11,3,3,0,0
PM_030,12,3,3,0,0
PM_030,13,3,3,0,0
PM_107,1,6,3,1,1
PM_107,2,6,3,1,1
PM_107,3,6,3,1,1
PM_107,4,6,3,1,1
PM_107,5,6,3,1,1
PM_107,6,6,3,0,0
PM_107,7,6,3,0,0
PM_107,8,6,3,0,0
PM_107,9,6,3,0,0
PM_107,10,6,3,0,0
PM_027,1,3,4,0,1
PM_027,2,3,4,0,0
PM_027,3,3,4,0,1
PM_027,4,3,4,0,0
PM_027,5,3,4,0,0
PM_027,6,3,4,1,1
PM_027,7,3,4,1,1
PM_027,8,3,4,0,0
PM_027,9,3,4,1,1
PM_027,10,3,4,1,1
PM_027,11,3,4,1,1
PM_027,12,3,4,1,0
PM_027,13,3,4,0,0
PM_027,14,3,4,0,0
PM_027,15,3,4,0,0
PM_027,16,3,4,0,0
PM_027,17,3,4,0,0
PM_027,18,3,4,1,0
PM_027,19,3,4,1,0
PM_027,20,3,4,1,0
PM_027,21,3,4,1,0
PM_027,22,3,4,1,0
PM_027,23,3,4,0,0
PM_027,24,3,4,0,0
PM_027,25,3,4,0,0
PM_027,26,3,4,0,0
PM_027,27,3,4,0,0
PM_103,1,6,4,1,1
PM_103,2,6,4,1,1
PM_103,3,6,4,1,1
PM_103,4,6,4,1,1
PM_103,5,6,4,1,1
PM_103,6,6,4,1,1
PM_103,7,6,4,1,0
PM_103,8,6,4,0,1
PM_103,9,6,4,0,0
PM_103,10,6,4,0,0
PM_103,11,6,4,0,0
PM_103,12,6,4,0,0
PM_103,13,6,4,1,1
PM_103,14,6,4,1,1
PM_103,15,6,4,1,1
PM_103,16,6,4,1,1
PM_103,17,6,4,1,1
PM_103,18,6,4,1,1
PM_103,19,6,4,1,1
PM_103,20,6,4,1,0
PM_103,21,6,4,0,0
PM_103,22,6,4,0,0
PM_103,23,6,4,0,0
PM_103,24,6,4,0,0
PM_029,1,3,6,1,1
PM_029,2,3,6,1,1
PM_029,3,3,6,1,1
PM_029,4,3,6,1,1
PM_029,5,3,6,1,1
PM_029,6,3,6,0,1
PM_029,7,3,6,0,1
PM_029,8,3,6,0,1
PM_029,9,3,6,0,1
PM_029,10,3,6,0,1
PM_029,11,3,6,1,1
PM_029,12,3,6,1,1
PM_029,13,3,6,1,1
PM_029,14,3,6,1,1
PM_029,15,3,6,1,1
PM_029,16,3,6,0,1
PM_029,17,3,6,0,1
PM_029,18,3,6,0,1
PM_029,19,3,6,0,1
PM_029,20,3,6,0,0
PM_105,1,6,6,1,1
PM_105,2,6,6,1,1
PM_105,3,6,6,1,1
PM_105,4,6,6,1,1
PM_105,5,6,6,1,1
PM_105,6,6,6,1,1
PM_105,7,6,6,1,1
PM_105,8,6,6,1,1
PM_105,9,6,6,1,1
PM_105,10,6,6,1,1
PM_105,11,6,6,0,0
PM_105,12,6,6,0,0
PM_105,13,6,6,0,0
PM_105,14,6,6,0,0
PM_105,15,6,6,0,0
PM_105,16,6,6,0,0
PM_105,17,6,6,0,1
PM_105,18,6,6,0,0
PM_105,19,6,6,0,0
PM_105,20,6,6,0,0
PM_105,21,6,6,0,0
PM_000,1,1,1,1,0
PM_000,2,1,1,1,0
PM_000,3,1,1,1,0
PM_000,4,1,1,1,0
PM_000,5,1,1,1,0
PM_001,1,1,1,1,0
PM_001,2,1,1,1,0
PM_001,3,1,1,1,0
PM_001,4,1,1,1,0
PM_001,5,1,1,1,0
PM_001,6,1,1,0,0
PM_001,7,1,1,0,0
PM_001,8,1,1,0,1
PM_001,9,1,1,0,0
PM_001,10,1,1,0,0
PM_002,1,1,1,1,0
PM_002,2,1,1,1,0
PM_002,3,1,1,1,0
PM_002,4,1,1,1,0
PM_002,5,1,1,0,0
PM_002,6,1,1,0,0
PM_002,7,1,1,0,0
PM_002,8,1,1,0,0
PM_002,9,1,1,0,0
PM_122,1,7,1,1,0
PM_122,2,7,1,1,1
PM_122,3,7,1,1,0
PM_122,4,7,1,1,0
PM_122,5,7,1,1,1
PM_122,6,7,1,0,0
PM_122,7,7,1,0,0
PM_122,8,7,1,0,0
PM_122,9,7,1,0,0
PM_122,10,7,1,0,0
PM_122,11,7,1,1,1
PM_122,12,7,1,1,1
PM_122,13,7,1,1,1
PM_122,14,7,1,1,1
PM_122,15,7,1,1,1
PM_122,16,7,1,0,1
PM_122,17,7,1,0,0
PM_122,18,7,1,0,0
PM_122,19,7,1,0,0
PM_122,20,7,1,0,0
PM_125,1,7,5,1,1
PM_125,2,7,5,1,1
PM_125,3,7,5,1,1
PM_125,4,7,5,1,1
PM_125,5,7,5,1,1
PM_125,6,7,5,0,1
PM_125,7,7,5,0,0
PM_125,8,7,5,0,1
PM_125,9,7,5,0,1
PM_125,10,7,5,0,1
PM_125,11,7,5,1,1
PM_125,12,7,5,1,1
PM_125,13,7,5,1,1
PM_125,14,7,5,1,1
PM_125,15,7,5,1,1
PM_125,16,7,5,0,1
PM_125,17,7,5,0,1
PM_125,18,7,5,0,1
PM_125,19,7,5,0,0
PM_125,20,7,5,0,0
PM_003,1,1,2,1,0
PM_003,2,1,2,1,0
PM_003,3,1,2,1,0
PM_003,4,1,2,1,0
PM_003,5,1,2,0,0
PM_003,6,1,2,1,0
PM_003,7,1,2,1,1
PM_003,8,1,2,1,1
PM_003,9,1,2,1,1
PM_003,10,1,2,1,1
PM_003,11,1,2,0,0
PM_003,12,1,2,0,0
PM_003,13,1,2,0,0
PM_003,14,1,2,0,0
PM_003,15,1,2,0,0
PM_003,16,1,2,0,0
PM_004,1,1,2,1,0
PM_004,2,1,2,1,1
PM_004,3,1,2,1,1
PM_004,4,1,2,1,1
PM_004,5,1,2,1,1
PM_004,6,1,2,0,0
PM_004,7,1,2,0,0
PM_004,8,1,2,0,0
PM_004,9,1,2,0,0
PM_004,10,1,2,0,0
PM_123,1,7,2,1,0
PM_123,2,7,2,1,0
PM_123,3,7,2,1,0
PM_123,4,7,2,1,1
PM_123,5,7,2,1,0
PM_123,6,7,2,0,0
PM_123,7,7,2,0,0
PM_123,8,7,2,0,0
PM_123,9,7,2,0,0
PM_123,10,7,2,0,0
PM_123,11,7,2,0,0
PM_123,12,7,2,0,0
PM_123,13,7,2,1,0
PM_123,14,7,2,1,0
PM_123,15,7,2,1,0
PM_123,16,7,2,1,0
PM_123,17,7,2,1,0
PM_123,18,7,2,1,0
PM_123,19,7,2,0,0
PM_123,20,7,2,0,0
PM_123,21,7,2,0,0
PM_123,22,7,2,0,0
PM_123,23,7,2,0,0
PM_123,24,7,2,0,0
PM_010,1,1,3,1,1
PM_010,2,1,3,1,1
PM_010,3,1,3,1,1
PM_010,4,1,3,1,1
PM_010,5,1,3,1,1
PM_010,6,1,3,0,0
PM_010,7,1,3,1,1
PM_010,8,1,3,1,1
PM_010,9,1,3,1,1
PM_010,10,1,3,1,1
PM_010,11,1,3,1,1
PM_010,12,1,3,1,1
PM_010,13,1,3,0,1
PM_010,14,1,3,0,1
PM_010,15,1,3,0,0
PM_010,16,1,3,0,0
PM_005,1,1,4,1,0
PM_005,2,1,4,1,0
PM_005,3,1,4,1,0
PM_005,4,1,4,1,0
PM_005,5,1,4,1,0
PM_005,6,1,4,0,0
PM_005,7,1,4,0,0
PM_005,8,1,4,0,0
PM_005,9,1,4,0,0
PM_005,10,1,4,1,1
PM_005,11,1,4,1,1
PM_005,12,1,4,1,1
PM_005,13,1,4,1,1
PM_005,14,1,4,1,0
PM_005,15,1,4,0,0
PM_005,16,1,4,0,0
PM_005,17,1,4,0,0
PM_005,18,1,4,0,0
PM_005,19,1,4,0,0
PM_005,20,1,4,0,0
PM_006,1,1,4,1,1
PM_006,2,1,4,1,1
PM_006,3,1,4,1,1
PM_006,4,1,4,1,1
PM_006,5,1,4,1,0
PM_006,6,1,4,0,0
PM_006,7,1,4,0,0
PM_006,8,1,4,0,0
PM_006,9,1,4,0,0
PM_006,10,1,4,0,0
PM_124,1,7,4,1,1
PM_124,2,7,4,1,1
PM_124,3,7,4,1,1
PM_124,4,7,4,1,1
PM_124,5,7,4,1,1
PM_124,6,7,4,1,1
PM_124,7,7,4,0,0
PM_124,8,7,4,1,0
PM_124,9,7,4,1,0
PM_124,10,7,4,1,0
PM_124,11,7,4,1,1
PM_124,12,7,4,1,1
PM_124,13,7,4,1,1
PM_124,14,7,4,1,1
PM_124,15,7,4,1,1
PM_124,16,7,4,1,0
PM_124,17,7,4,1,0
PM_124,18,7,4,1,0
PM_124,19,7,4,1,1
PM_124,20,7,4,1,0
PM_008,1,1,6,1,1
PM_008,2,1,6,1,1
PM_008,3,1,6,1,1
PM_008,4,1,6,1,1
PM_008,5,1,6,1,1
PM_008,6,1,6,1,1
PM_008,7,1,6,1,1
PM_008,8,1,6,1,1
PM_008,9,1,6,1,1
PM_008,10,1,6,1,1
PM_008,11,1,6,1,1
PM_008,12,1,6,1,1
PM_008,13,1,6,1,1
PM_008,14,1,6,1,0
PM_008,15,1,6,1,1
PM_008,16,1,6,1,0
PM_008,17,1,6,0,0
PM_008,18,1,6,1,1
PM_008,19,1,6,1,1
PM_008,20,1,6,1,1
PM_008,21,1,6,1,1
PM_008,22,1,6,1,1
PM_008,23,1,6,0,0
PM_008,24,1,6,0,0
PM_008,25,1,6,0,0
PM_008,26,1,6,0,1
PM_008,27,1,6,0,0
PM_126,1,7,6,1,1
PM_126,2,7,6,1,1
PM_126,3,7,6,1,1
PM_126,4,7,6,1,1
PM_126,5,7,6,1,1
PM_126,6,7,6,0,1
PM_126,7,7,6,0,1
PM_126,8,7,6,0,1
PM_126,9,7,6,0,1
PM_126,10,7,6,0,0
PM_126,11,7,6,1,1
PM_126,12,7,6,1,1
PM_126,13,7,6,1,1
PM_126,14,7,6,1,1
PM_126,15,7,6,1,1
PM_126,16,7,6,0,0
PM_126,17,7,6,0,0
PM_126,18,7,6,0,1
PM_126,19,7,6,0,1
PM_126,20,7,6,0,0
PM_032,1,4,1,1,1
PM_032,2,4,1,1,1
PM_032,3,4,1,1,1
PM_032,4,4,1,1,1
PM_032,5,4,1,1,1
PM_032,6,4,1,1,1
PM_032,7,4,1,0,1
PM_032,8,4,1,0,0
PM_032,9,4,1,0,1
PM_032,10,4,1,0,1
PM_032,11,4,1,0,0
PM_032,12,4,1,0,1
PM_032,13,4,1,1,1
PM_032,14,4,1,1,1
PM_032,15,4,1,1,1
PM_032,16,4,1,1,1
PM_032,17,4,1,0,0
PM_032,18,4,1,0,0
PM_032,19,4,1,0,1
PM_032,20,4,1,0,0
PM_032,21,4,1,0,0
PM_109,1,8,1,1,0
PM_109,2,8,1,1,1
PM_109,3,8,1,1,0
PM_109,4,8,1,1,0
PM_109,5,8,1,1,0
PM_109,6,8,1,0,0
PM_109,7,8,1,0,0
PM_109,8,8,1,0,0
PM_109,9,8,1,0,0
PM_109,10,8,1,0,0
PM_109,11,8,1,1,1
PM_109,12,8,1,1,1
PM_109,13,8,1,1,1
PM_109,14,8,1,1,1
PM_109,15,8,1,1,1
PM_109,16,8,1,0,0
PM_109,17,8,1,0,0
PM_109,18,8,1,0,0
PM_109,19,8,1,0,0
PM_109,20,8,1,0,0
PM_037,1,4,5,1,0
PM_037,2,4,5,1,0
PM_037,3,4,5,1,0
PM_037,4,4,5,1,0
PM_037,5,4,5,1,0
PM_037,6,4,5,0,0
PM_037,7,4,5,0,0
PM_037,8,4,5,0,0
PM_037,9,4,5,0,0
PM_037,10,4,5,0,0
PM_037,11,4,5,1,0
PM_037,12,4,5,1,0
PM_037,13,4,5,1,0
PM_037,14,4,5,1,0
PM_037,15,4,5,1,0
PM_037,16,4,5,0,0
PM_037,17,4,5,0,0
PM_037,18,4,5,0,0
PM_037,19,4,5,0,0
PM_037,20,4,5,0,0
PM_112,1,8,5,1,0
PM_112,2,8,5,1,0
PM_112,3,8,5,1,0
PM_112,4,8,5,1,0
PM_112,5,8,5,1,0
PM_112,6,8,5,1,0
PM_112,7,8,5,0,0
PM_112,8,8,5,0,0
PM_112,9,8,5,0,0
PM_112,10,8,5,0,0
PM_112,11,8,5,0,0
PM_112,12,8,5,0,0
PM_112,13,8,5,1,0
PM_112,14,8,5,1,0
PM_112,15,8,5,1,0
PM_112,16,8,5,1,0
PM_112,17,8,5,1,0
PM_112,18,8,5,1,0
PM_112,19,8,5,1,0
PM_112,20,8,5,0,0
PM_112,21,8,5,0,0
PM_112,22,8,5,0,0
PM_112,23,8,5,0,0
PM_112,24,8,5,0,0
PM_112,25,8,5,0,0
PM_033,1,4,2,1,1
PM_033,2,4,2,1,1
PM_033,3,4,2,1,1
PM_033,4,4,2,1,1
PM_033,5,4,2,1,1
PM_033,6,4,2,0,1
PM_033,7,4,2,0,0
PM_033,8,4,2,0,1
PM_033,9,4,2,0,1
PM_033,10,4,2,0,1
PM_033,11,4,2,0,1
PM_033,12,4,2,0,0
PM_033,13,4,2,1,1
PM_033,14,4,2,1,1
PM_033,15,4,2,1,1
PM_033,16,4,2,1,1
PM_033,17,4,2,1,1
PM_033,18,4,2,1,1
PM_033,19,4,2,0,1
PM_033,20,4,2,0,1
PM_033,21,4,2,0,1
PM_033,22,4,2,0,1
PM_033,23,4,2,0,0
PM_110,1,8,2,1,0
PM_110,2,8,2,1,1
PM_110,3,8,2,0,1
PM_110,4,8,2,0,1
PM_110,5,8,2,0,1
PM_110,6,8,2,0,0
PM_110,7,8,2,0,0
PM_110,8,8,2,0,0
PM_110,9,8,2,0,0
PM_110,10,8,2,0,0
PM_110,11,8,2,0,0
PM_110,12,8,2,0,0
PM_110,13,8,2,0,0
PM_110,14,8,2,0,0
PM_110,15,8,2,0,0
PM_110,16,8,2,0,0
PM_110,17,8,2,0,0
PM_110,18,8,2,0,0
PM_110,19,8,2,0,0
PM_110,20,8,2,0,0
PM_110,21,8,2,0,0
PM_110,22,8,2,0,0
PM_031,1,4,3,1,0
PM_031,2,4,3,1,0
PM_031,3,4,3,1,0
PM_031,4,4,3,1,0
PM_031,5,4,3,1,0
PM_031,6,4,3,0,0
PM_031,7,4,3,0,0
PM_031,8,4,3,0,0
PM_031,9,4,3,0,0
PM_031,10,4,3,0,0
PM_108,1,8,3,1,0
PM_108,2,8,3,1,0
PM_108,3,8,3,1,0
PM_108,4,8,3,1,0
PM_108,5,8,3,1,0
PM_108,6,8,3,0,0
PM_108,7,8,3,0,0
PM_108,8,8,3,0,0
PM_108,9,8,3,0,0
PM_108,10,8,3,0,0
PM_034,1,4,4,1,1
PM_034,2,4,4,1,1
PM_034,3,4,4,1,0
PM_034,4,4,4,1,1
PM_034,5,4,4,1,1
PM_034,6,4,4,0,0
PM_034,7,4,4,0,0
PM_034,8,4,4,0,0
PM_034,9,4,4,0,0
PM_034,10,4,4,0,0
PM_035,1,4,4,1,0
PM_035,2,4,4,1,0
PM_035,3,4,4,1,0
PM_035,4,4,4,1,0
PM_035,5,4,4,1,1
PM_035,6,4,4,1,1
PM_035,7,4,4,0,0
PM_035,8,4,4,0,0
PM_035,9,4,4,0,0
PM_035,10,4,4,0,0
PM_035,11,4,4,0,0
PM_111,1,8,4,1,0
PM_111,2,8,4,1,1
PM_111,3,8,4,1,1
PM_111,4,8,4,1,1
PM_111,5,8,4,1,1
PM_111,6,8,4,1,1
PM_111,7,8,4,1,1
PM_111,8,8,4,1,1
PM_111,9,8,4,0,0
PM_111,10,8,4,0,0
PM_111,11,8,4,0,0
PM_111,12,8,4,0,0
PM_111,13,8,4,0,0
PM_111,14,8,4,1,1
PM_111,15,8,4,1,1
PM_111,16,8,4,1,1
PM_111,17,8,4,1,1
PM_111,18,8,4,1,1
PM_111,19,8,4,1,1
PM_111,20,8,4,0,0
PM_111,21,8,4,0,1
PM_111,22,8,4,0,0
PM_111,23,8,4,0,1
PM_038,1,4,6,1,1
PM_038,2,4,6,1,1
PM_038,3,4,6,1,1
PM_038,4,4,6,1,1
PM_038,5,4,6,1,1
PM_038,6,4,6,1,0
PM_038,7,4,6,1,1
PM_038,8,4,6,1,0
PM_038,9,4,6,1,0
PM_038,10,4,6,1,0
PM_038,11,4,6,1,1
PM_038,12,4,6,1,1
PM_038,13,4,6,1,1
PM_038,14,4,6,1,1
PM_038,15,4,6,1,1
PM_038,16,4,6,1,0
PM_038,17,4,6,0,0
PM_038,18,4,6,0,0
PM_038,19,4,6,0,0
PM_038,20,4,6,1,0
PM_113,1,8,6,1,1
PM_113,2,8,6,1,0
PM_113,3,8,6,1,0
PM_113,4,8,6,1,0
PM_113,5,8,6,1,1
PM_113,6,8,6,0,0
PM_113,7,8,6,0,0
PM_113,8,8,6,0,0
PM_113,9,8,6,0,0
PM_113,10,8,6,0,0
PM_113,11,8,6,1,0
PM_113,12,8,6,1,1
PM_113,13,8,6,1,1
PM_113,14,8,6,1,1
PM_113,15,8,6,1,1
PM_113,16,8,6,1,1
PM_113,17,8,6,1,1
PM_113,18,8,6,1,0
PM_012,1,2,1,1,1
PM_012,2,2,1,1,1
PM_012,3,2,1,1,1
PM_012,4,2,1,1,1
PM_012,5,2,1,1,0
PM_012,6,2,1,0,0
PM_012,7,2,1,0,1
PM_012,8,2,1,0,0
PM_012,9,2,1,0,0
PM_012,10,2,1,0,0
PM_016,1,2,1,1,1
PM_016,2,2,1,1,1
PM_016,3,2,1,1,1
PM_016,4,2,1,1,1
PM_016,5,2,1,1,1
PM_016,6,2,1,0,0
PM_016,7,2,1,0,0
PM_016,8,2,1,0,0
PM_016,9,2,1,0,0
PM_016,10,2,1,0,0
PM_039,1,5,1,0,0
PM_039,2,5,1,1,1
PM_039,3,5,1,1,1
PM_039,4,5,1,1,1
PM_039,5,5,1,1,1
PM_039,6,5,1,1,1
PM_039,7,5,1,0,1
PM_039,8,5,1,0,0
PM_039,9,5,1,0,0
PM_039,10,5,1,0,0
PM_039,11,5,1,0,0
PM_039,12,5,1,1,1
PM_039,13,5,1,1,1
PM_039,14,5,1,1,1
PM_039,15,5,1,1,1
PM_039,16,5,1,1,1
PM_039,17,5,1,0,0
PM_039,18,5,1,0,0
PM_039,19,5,1,0,0
PM_039,20,5,1,0,0
PM_039,21,5,1,0,0
PM_021,1,2,5,1,0
PM_021,2,2,5,1,1
PM_021,3,2,5,1,1
PM_021,4,2,5,1,1
PM_021,5,2,5,1,1
PM_021,6,2,5,0,0
PM_021,7,2,5,0,1
PM_021,8,2,5,0,1
PM_021,9,2,5,0,1
PM_021,10,2,5,0,1
PM_021,11,2,5,1,1
PM_021,12,2,5,1,1
PM_021,13,2,5,1,1
PM_021,14,2,5,1,1
PM_021,15,2,5,1,1
PM_021,16,2,5,0,1
PM_021,17,2,5,0,1
PM_021,18,2,5,0,1
PM_021,19,2,5,0,1
PM_021,20,2,5,0,0
PM_042,1,5,5,0,0
PM_042,2,5,5,1,0
PM_042,3,5,5,1,1
PM_042,4,5,5,1,0
PM_042,5,5,5,1,1
PM_042,6,5,5,1,0
PM_042,7,5,5,1,1
PM_042,8,5,5,1,1
PM_042,9,5,5,0,0
PM_042,10,5,5,0,0
PM_042,11,5,5,0,0
PM_042,12,5,5,0,0
PM_042,13,5,5,0,0
PM_042,14,5,5,1,1
PM_042,15,5,5,1,0
PM_042,16,5,5,1,1
PM_042,17,5,5,1,0
PM_042,18,5,5,1,1
PM_042,19,5,5,1,0
PM_042,20,5,5,0,0
PM_042,21,5,5,0,1
PM_042,22,5,5,0,0
PM_042,23,5,5,0,0
PM_042,24,5,5,0,0
PM_042,25,5,5,0,0
PM_013,1,2,2,0,0
PM_013,2,2,2,0,1
PM_013,3,2,2,1,1
PM_013,4,2,2,1,1
PM_014,1,2,2,1,1
PM_014,2,2,2,1,1
PM_014,3,2,2,1,1
PM_014,4,2,2,1,1
PM_014,5,2,2,1,1
PM_014,6,2,2,0,1
PM_014,7,2,2,0,1
PM_014,8,2,2,0,1
PM_014,9,2,2,0,1
PM_014,10,2,2,0,1
PM_014,11,2,2,1,1
PM_014,12,2,2,1,1
PM_014,13,2,2,1,1
PM_014,14,2,2,1,1
PM_014,15,2,2,1,1
PM_014,16,2,2,0,1
PM_014,17,2,2,0,1
PM_014,18,2,2,0,1
PM_014,19,2,2,0,1
PM_014,20,2,2,0,1
PM_014,21,2,2,0,1
PM_040,1,5,2,1,1
PM_040,2,5,2,1,1
PM_040,3,5,2,1,1
PM_040,4,5,2,1,1
PM_040,5,5,2,1,0
PM_040,6,5,2,0,0
PM_040,7,5,2,0,0
PM_040,8,5,2,0,1
PM_040,9,5,2,0,1
PM_040,10,5,2,0,0
PM_040,11,5,2,1,1
PM_040,12,5,2,1,1
PM_040,13,5,2,1,1
PM_040,14,5,2,1,1
PM_040,15,5,2,1,1
PM_040,16,5,2,0,1
PM_040,17,5,2,0,0
PM_040,18,5,2,0,0
PM_040,19,5,2,0,0
PM_040,20,5,2,0,0
PM_011,1,2,3,1,1
PM_011,2,2,3,1,1
PM_011,3,2,3,1,1
PM_011,4,2,3,1,1
PM_011,5,2,3,1,1
PM_011,6,2,3,0,1
PM_011,7,2,3,0,1
PM_011,8,2,3,0,1
PM_044,1,5,3,0,1
PM_044,2,5,3,0,1
PM_044,3,5,3,0,1
PM_044,4,5,3,0,1
PM_044,5,5,3,0,1
PM_044,6,5,3,0,1
PM_044,7,5,3,0,1
PM_044,8,5,3,0,1
PM_044,9,5,3,0,1
PM_044,10,5,3,0,1
PM_018,1,2,4,1,1
PM_018,2,2,4,1,1
PM_018,3,2,4,1,1
PM_018,4,2,4,1,1
PM_018,5,2,4,1,1
PM_018,6,2,4,0,1
PM_018,7,2,4,0,0
PM_018,8,2,4,0,0
PM_018,9,2,4,0,0
PM_018,10,2,4,0,0
PM_020,1,2,4,1,1
PM_020,2,2,4,1,1
PM_020,3,2,4,1,1
PM_020,4,2,4,1,1
PM_020,5,2,4,1,1
PM_020,6,2,4,1,1
PM_020,7,2,4,0,1
PM_020,8,2,4,0,0
PM_020,9,2,4,0,1
PM_020,10,2,4,0,1
PM_020,11,2,4,0,0
PM_041,1,5,4,1,1
PM_041,2,5,4,1,1
PM_041,3,5,4,1,1
PM_041,4,5,4,1,1
PM_041,5,5,4,1,1
PM_041,6,5,4,0,1
PM_041,7,5,4,0,1
PM_041,8,5,4,0,1
PM_041,9,5,4,0,1
PM_041,10,5,4,0,1
PM_041,11,5,4,1,1
PM_041,12,5,4,1,1
PM_041,13,5,4,1,1
PM_041,14,5,4,1,1
PM_041,15,5,4,1,1
PM_041,16,5,4,1,1
PM_041,17,5,4,0,0
PM_041,18,5,4,0,0
PM_041,19,5,4,0,0
PM_041,20,5,4,0,1
PM_041,21,5,4,0,0
PM_022,1,2,6,1,1
PM_022,2,2,6,1,1
PM_022,3,2,6,1,1
PM_022,4,2,6,1,1
PM_022,5,2,6,1,1
PM_022,6,2,6,1,0
PM_022,7,2,6,1,1
PM_022,8,2,6,1,0
PM_022,9,2,6,1,0
PM_022,10,2,6,1,0
PM_022,11,2,6,1,0
PM_022,12,2,6,1,1
PM_022,13,2,6,1,1
PM_022,14,2,6,1,1
PM_022,15,2,6,1,1
PM_022,16,2,6,1,1
PM_022,17,2,6,1,1
PM_022,18,2,6,1,0
PM_022,19,2,6,1,0
PM_022,20,2,6,1,0
PM_022,21,2,6,1,0
PM_022,22,2,6,0,0
PM_043,1,5,6,1,1
PM_043,2,5,6,1,1
PM_043,3,5,6,1,1
PM_043,4,5,6,1,1
PM_043,5,5,6,1,1
PM_043,6,5,6,0,1
PM_043,7,5,6,0,1
PM_043,8,5,6,0,1
PM_043,9,5,6,0,1
PM_043,10,5,6,0,1
PM_043,11,5,6,1,1
PM_043,12,5,6,1,1
PM_043,13,5,6,1,0
PM_043,14,5,6,1,0
PM_043,15,5,6,1,0
PM_043,16,5,6,0,0
PM_043,17,5,6,0,0
PM_043,18,5,6,0,0
PM_043,19,5,6,0,0
PM_043,20,5,6,0,0
